,Jordan Vanfleet,Buster Pettus,Evette Bedolla,Aurelia Mcginn,Ken Abboud,Elfriede Starcher,William Krejci,Vicky Kerney,Paulene Kauzlarich,Enid Wilbert,Heide Paulk,Mabel Vezina,Melda Yawn,Chantell Debow,Fletcher Bayard,Bunny Proctor,Romeo Nishimura,Noriko Morgenstern,Nohemi Grillo,Melony Breitenstein,Valda Greco,Tien Tully,Samara Gordy,Anitra Brumsey,Pamala Perrotti,Ela Dement,Cleta Batchelder,Alec Alcantara,Precious Clinton,Monet Plamondon,Gregorio Darsey,Klara Coblentz,Rachelle Hurley,Lennie Malia,Jone Coss,Winston Giddings,Rae Schuette,Princess Chubb,Shakira Rockwell,Myesha Meiers,Margert Cohrs,Shenika Lea,Justa Tisby,Clarisa Viruet,Glendora Segovia,Leanne Heidelberg,Randi Sorenson,Augusta Casagrande,Sheila Castellanos,Lashawn Alldredge,Shenita Willey,Tosha Staub,Iva King,Lorelei Willhite,Sharice Marcucci,Soo Inge,Letitia Bushell,Rachel Bowie,Mao Swinford,Dee Merlino,Nadene Schor,Jody Lastinger,Hyo Erikson,Oralee Spano,Cyrus Million,Rocky Antle,Shane Linehan,Evie Valls,Myrtie Sperry,Chu Schrick,Twila Carlsen,Lester Bushnell,Starla Braswell,Katheleen Boldt,Euna Hardcastle,Mabel Caylor,Willene Ensley,Steven Torgeson,Jermaine Glanz,Lesa Dano,Otilia Slaton,Amalia Fujita,Dorris Goates,Caridad Schnieders,Eric Ormsby,Cindy Easterday,Daphine Main,Alline Reno,Dodie Sherrard,Kiersten Crumrine,Rudolf Ferguson,Claude Graney,Janna Velazco,Laverna Bolz,Cyndy Lippert,Dominica Mowers,Cedric Kukla,Letisha Hotaling,Lauretta Kulick,Kum Willeford,Nichole Valenza,Jeannette Mericle,Abel Bandy,Ward Labar,Giovanna Park,Walter Austria,Winona Runnels,Meda Levitan,Kasie Gibeault,Reed Smale,Otilia Votaw,Danilo Brunette,Lajuana Coombe,Malik Osborne,Bonnie Ricketts,Hettie Pahl,Dannielle Daves,Ariel Cox,Elizabet Marotta,Burma Karns,Mike Talamantes,Julieta Schwan,Aleshia Iwamoto,Keitha Furrow,Erich Ruppel,Blair Teegarden,Minda Roiger,Gerald Eckhoff,Tiera Jezierski,Daniella Elsasser,Addie Sutherland,Altagracia Byrnes,Dia Alegria,Aisha Wedeking,Cristina Koons,Andrew Dimas,Katherin Zerby,Andera Putney,Randal Mejorado,Britta Spady,Cyril Claybrooks,Venice Plummer,Jamal Hazeltine,Janett Buckelew,Gino Peabody,Retha Goldman,Joy Overlock,Salina Jamieson,Verla Meighan,Marcie Carwell,Bryce Coutee,Colby Mccann,Leonardo Arena,Donya Hazelton,Nohemi Dambrosio,Anjelica Capote,Donnetta Christian,Roselee Ruhl,Kayla Macek,Gennie Fuerst,Annetta Trammell,Chante Closson,Mozell Lone,Leeanne Balbuena,Rhett Demos,Chana Kenny,Monserrate Broderick,Verdell Huntzinger,Jaquelyn Froman,Shanice Delara,Weston Pinto,Christinia Ard,Reatha Clausen,Bethany Leader,Kiana Zahm,Delmy Brass,Argelia Heavner,Elden Mccoy,Sanda Shapiro,Milissa Waye,Marjorie Oliveri,Johnie Rexrode,Trevor Araiza,Pia Bossi,Abe Mealey,Ilana Butts,Lillia Pasha,Noella Shafer,Molly Heatley,Sheba Panella,Cristi Tetrault,Melany Spahr,Bryan Gershon,Jackelyn Knisely,Madison Repka,Lekisha Swiderski,Tatum Madewell,Ramonita Rast,Rubin Koll,Tori Langevin
2020-06-29,Lillian,Zenaida,Kris,Bella,Kendrick,Nyla,Teresia,Kendrick,Xavier,Werner,Joaquina,Ruthann,Shelly,Madalyn,Ellen,Xavier,Star,Kris,Milly,Erin,Sasha,Donetta,Lillian,Alicia,Jacquie,Sage,Kris,Alicia,Nyla,Hiram,Shenna,Jerica,Berna,Linnie,Shenna,Mercy,Kimberley,Newton,Latashia,Mercy,Frances,Marta,Hiram,Werner,Venessa,Mercedez,Laurinda,Grant,Nyla,Shenna,Selene,Ruthann,Annett,Xavier,Werner,Eleanore,Maximo,Foster,Laurinda,Kris,Sarah,Hyacinth,Roscoe,Tawny,Hiram,Shelly,Mercedez,Milan,Sheron,Emily,Ellen,Valentina,Jerica,Belia,Venessa,Roscoe,Ashely,Isis,Milan,Milan,Laurene,Star,Marta,Newton,Shelly,Jerica,Milly,Kimberley,Lillian,Aleen,Star,Loura,Christiane,Milan,Maximo,Newton,Kris,Kris,Edwina,Grant,Venessa,Latashia,Kendrick,Charles,Ashely,Emily,Jada,Jerica,Sasha,Edwina,Ellen,Milly,Donetta,Lin,Ellen,Zenaida,Zenaida,Newton,Aleen,Kendrick,Grant,Donetta,Lillian,Belia,Gabriel,Kimberley,Madalyn,Hiram,Shenna,Lara,Berna,Edwina,Maximo,Bella,Linnie,Laurinda,Donetta,Ernesto,Frances,Lara,Laurinda,Bella,Aleen,Ashely,Lara,Ona,Lorriane,Foster,Sheron,Jada,Anika,Hildegard,Annett,Ona,Ellen,Shenna,Sheron,Sage,Gabriel,Shelly,Alicia,Jacquie,Shenna,Luther,Kendrick,Jerica,Jerica,Joaquina,Marta,Alicia,Tawny,Kimberley,Ona,Ona,Daniell,Ellen,Arlyne,Ashely,Edwina,Ashely,Ellen,Laurinda,Cindy,Charles,Lorriane,Bella,Nikole,Malik,Linnie,Erin,Eleanore,Teresia,Kendrick,Joaquina,Maximo,Zenaida,Jerica,Jacquie,Ginette,Hildegard
2020-06-28,Marietta,Bulah,Malik,Milly,Eleanore,Milly,Sage,Jerica,Lorriane,Berna,Shenna,Freida,Ashely,Nikole,Lara,Edwina,Edwina,Alicia,Kimberley,Xavier,Freida,Jacquie,Malik,Luther,Isis,Lara,Ashely,Sage,Christiane,Ernesto,Freida,Anika,Annett,Sage,Ruthann,Bulah,Nyla,Ellen,Nyla,Hyacinth,Alicia,Cindy,Luba,Lillian,Milly,Milly,Belia,Madalyn,Maximo,Hildegard,Tawny,Rosamond,Arlyne,Daniell,Annett,Anika,Sheron,Erin,Belia,Linnie,Lorriane,Erin,Luba,Werner,Laurinda,Aleen,Maximo,Emily,Rosamond,Jerica,Ona,Joaquina,Milan,Mercy,Cindy,Kimberley,Lara,Freida,Belia,Ruthann,Kris,Ernesto,Kris,Freida,Eleanore,Sasha,Lara,Maximo,Newton,Ellen,Jada,Ernesto,Ellen,Bella,Emily,Kendrick,Hildegard,Eleanore,Sheron,Bella,Erin,Ona,Latashia,Christiane,Frances,Marietta,Frances,Zenaida,Mercedez,Valentina,Maximo,Alicia,Luba,Mercy,Ruthann,Marietta,Ashely,Aleen,Nyla,Shenna,Ernesto,Sage,Zenaida,Christiane,Grant,Ashely,Hildegard,Laurinda,Sasha,Valentina,Laurene,Sarah,Ashely,Mercedez,Maximo,Linnie,Kimberley,Luther,Valentina,Erin,Malik,Cindy,Laurinda,Edwina,Jacquie,Jada,Eleanore,Malik,Foster,Berna,Lorriane,Ellen,Arlyne,Freida,Erin,Isis,Newton,Rosamond,Bulah,Selene,Teresia,Freida,Christiane,Xavier,Maximo,Zenaida,Berna,Tawny,Zenaida,Kris,Linnie,Laurinda,Lorriane,Jacquie,Laurene,Joaquina,Hyacinth,Lillian,Lorriane,Sheron,Malik,Loura,Sasha,Valentina,Cindy,Malik,Valentina,Frances,Linnie,Jada,Ernesto,Madalyn,Kimberley,Laurene,Star,Jada,Hyacinth,Luther,Ernesto,Annett
2020-06-27,Selene,Frances,Belia,Cindy,Xavier,Frances,Alicia,Gabriel,Sasha,Isis,Daniell,Bella,Charles,Erin,Sasha,Lorriane,Christiane,Lillian,Cindy,Kris,Malik,Emily,Milly,Belia,Shenna,Milly,Jerica,Donetta,Shenna,Newton,Berna,Arlyne,Isis,Edwina,Ginette,Selene,Ruthann,Jacquie,Luba,Laurene,Donetta,Valentina,Joaquina,Kris,Cindy,Laurinda,Annett,Donetta,Christiane,Shelly,Ruthann,Bulah,Edwina,Sheron,Mercedez,Berna,Hyacinth,Frances,Donetta,Luther,Valentina,Lara,Kimberley,Valentina,Ona,Frances,Malik,Werner,Foster,Ashely,Hiram,Hildegard,Ernesto,Jerica,Latashia,Star,Freida,Ernesto,Emily,Hyacinth,Erin,Werner,Bella,Shelly,Arlyne,Daniell,Emily,Ginette,Zenaida,Rosamond,Emily,Ona,Kimberley,Lillian,Cindy,Hiram,Annett,Hildegard,Kris,Donetta,Newton,Werner,Hiram,Lillian,Luther,Ruthann,Sarah,Zenaida,Selene,Tawny,Kris,Marta,Arlyne,Ona,Mercy,Hildegard,Laurinda,Werner,Luba,Jacquie,Jacquie,Newton,Malik,Ginette,Lillian,Marietta,Selene,Latashia,Madalyn,Belia,Linnie,Freida,Werner,Lorriane,Tawny,Ruthann,Lara,Lorriane,Nyla,Edwina,Zenaida,Grant,Bulah,Laurinda,Frances,Ginette,Belia,Valentina,Zenaida,Lorriane,Kendrick,Lara,Eleanore,Star,Joaquina,Mercy,Charles,Latashia,Ginette,Laurene,Kris,Milan,Luther,Milan,Xavier,Nyla,Sarah,Milan,Foster,Luba,Anika,Charles,Sasha,Hiram,Ellen,Luther,Emily,Lillian,Kimberley,Ellen,Anika,Bella,Shenna,Ruthann,Luba,Erin,Venessa,Charles,Edwina,Roscoe,Emily,Kris,Tawny,Cindy,Jada,Sheron,Newton,Luba,Shenna,Jacquie
2020-06-26,Kendrick,Foster,Hiram,Nyla,Charles,Lara,Tawny,Nyla,Sage,Grant,Berna,Nyla,Ruthann,Ashely,Frances,Foster,Shelly,Lin,Kimberley,Laurene,Erin,Xavier,Bulah,Milan,Jada,Newton,Nyla,Werner,Loura,Latashia,Sheron,Eleanore,Zenaida,Rosamond,Lara,Ashely,Ashely,Frances,Eleanore,Malik,Star,Roscoe,Hyacinth,Ginette,Valentina,Berna,Venessa,Edwina,Isis,Shelly,Kendrick,Nyla,Ellen,Jerica,Emily,Nikole,Jada,Emily,Sarah,Ernesto,Teresia,Gabriel,Isis,Daniell,Newton,Sasha,Lara,Shelly,Annett,Laurinda,Anika,Rosamond,Luther,Hiram,Emily,Ginette,Ginette,Hiram,Grant,Christiane,Teresia,Rosamond,Mercedez,Jacquie,Ernesto,Jerica,Shelly,Donetta,Alicia,Jacquie,Cindy,Lara,Star,Maximo,Kimberley,Valentina,Luba,Gabriel,Latashia,Lorriane,Newton,Joaquina,Jacquie,Malik,Laurinda,Kimberley,Sarah,Kris,Kimberley,Loura,Roscoe,Zenaida,Teresia,Isis,Nyla,Lin,Malik,Malik,Ashely,Christiane,Cindy,Joaquina,Sage,Ashely,Ernesto,Star,Joaquina,Joaquina,Daniell,Joaquina,Tawny,Joaquina,Milan,Laurene,Christiane,Laurene,Tawny,Bella,Nyla,Laurinda,Alicia,Charles,Mercedez,Sage,Frances,Star,Ellen,Arlyne,Werner,Frances,Bulah,Foster,Sasha,Mercy,Lillian,Hiram,Malik,Kimberley,Isis,Gabriel,Zenaida,Shenna,Grant,Ona,Anika,Linnie,Sarah,Kendrick,Arlyne,Aleen,Sage,Joaquina,Ellen,Loura,Kris,Bulah,Sarah,Grant,Jada,Newton,Maximo,Lin,Hiram,Maximo,Christiane,Nyla,Zenaida,Star,Luther,Madalyn,Belia,Charles,Ernesto,Laurene,Venessa,Belia,Sage,Kimberley,Aleen,Marta
2020-06-25,Joaquina,Roscoe,Bulah,Kimberley,Isis,Isis,Latashia,Newton,Laurene,Lorriane,Milly,Charles,Laurene,Roscoe,Ernesto,Lin,Nikole,Valentina,Joaquina,Joaquina,Milan,Bulah,Loura,Lorriane,Shelly,Ellen,Shelly,Madalyn,Grant,Shenna,Jacquie,Charles,Teresia,Hyacinth,Roscoe,Anika,Maximo,Alicia,Madalyn,Sarah,Laurinda,Gabriel,Kendrick,Annett,Cindy,Roscoe,Sage,Kris,Kendrick,Hildegard,Bella,Arlyne,Belia,Valentina,Foster,Alicia,Newton,Ona,Hildegard,Gabriel,Isis,Nyla,Donetta,Anika,Daniell,Teresia,Nikole,Nikole,Jada,Mercy,Hildegard,Jacquie,Sage,Sheron,Arlyne,Loura,Marta,Tawny,Xavier,Ellen,Aleen,Aleen,Loura,Edwina,Frances,Grant,Jerica,Alicia,Selene,Milly,Edwina,Kris,Bulah,Laurene,Lara,Ashely,Jacquie,Bella,Nikole,Isis,Kendrick,Laurinda,Christiane,Isis,Anika,Jacquie,Jada,Linnie,Anika,Jada,Edwina,Nyla,Bulah,Milly,Milan,Joaquina,Emily,Teresia,Werner,Ashely,Malik,Kendrick,Hiram,Erin,Luther,Milan,Aleen,Eleanore,Grant,Jada,Charles,Isis,Nikole,Jada,Latashia,Emily,Annett,Ginette,Ernesto,Bulah,Valentina,Lin,Sheron,Marta,Milan,Maximo,Daniell,Frances,Sarah,Bella,Nikole,Cindy,Emily,Star,Luba,Kendrick,Shelly,Freida,Erin,Lillian,Jacquie,Marta,Annett,Mercedez,Zenaida,Shenna,Xavier,Gabriel,Rosamond,Frances,Luther,Shenna,Freida,Luther,Bella,Jacquie,Tawny,Valentina,Grant,Milly,Annett,Teresia,Jerica,Kimberley,Marta,Werner,Joaquina,Belia,Lorriane,Grant,Latashia,Hildegard,Donetta,Kimberley,Maximo,Charles,Madalyn,Aleen,Tawny,Shelly
2020-06-24,Ruthann,Luba,Maximo,Rosamond,Jacquie,Maximo,Maximo,Alicia,Ellen,Newton,Ona,Marietta,Maximo,Eleanore,Aleen,Madalyn,Freida,Sarah,Ona,Lin,Cindy,Sasha,Rosamond,Zenaida,Sarah,Eleanore,Ginette,Isis,Arlyne,Freida,Foster,Newton,Charles,Edwina,Jerica,Grant,Marietta,Jerica,Selene,Ashely,Jada,Belia,Shelly,Shenna,Berna,Sage,Edwina,Hildegard,Alicia,Aleen,Nyla,Xavier,Kris,Venessa,Ona,Freida,Frances,Hyacinth,Rosamond,Ashely,Christiane,Daniell,Star,Erin,Charles,Hiram,Joaquina,Mercy,Sage,Annett,Cindy,Ernesto,Charles,Lara,Kimberley,Sage,Frances,Kimberley,Hiram,Venessa,Hildegard,Sage,Ruthann,Hildegard,Tawny,Cindy,Mercy,Daniell,Christiane,Roscoe,Rosamond,Selene,Luba,Milan,Kris,Kimberley,Loura,Hiram,Sarah,Laurinda,Luther,Malik,Laurene,Xavier,Hildegard,Donetta,Ellen,Cindy,Emily,Maximo,Jerica,Roscoe,Selene,Eleanore,Sasha,Marietta,Joaquina,Lara,Sarah,Anika,Zenaida,Werner,Rosamond,Venessa,Shelly,Belia,Maximo,Laurinda,Kimberley,Maximo,Ruthann,Lorriane,Sarah,Malik,Marta,Anika,Marietta,Ruthann,Jada,Ernesto,Arlyne,Mercy,Daniell,Grant,Jada,Kris,Latashia,Marta,Jacquie,Newton,Arlyne,Erin,Werner,Foster,Roscoe,Donetta,Roscoe,Edwina,Kendrick,Sasha,Lillian,Bulah,Jada,Aleen,Hiram,Nikole,Lillian,Luba,Bulah,Kendrick,Freida,Sarah,Maximo,Kris,Shelly,Edwina,Daniell,Luther,Nyla,Roscoe,Kendrick,Valentina,Roscoe,Hyacinth,Eleanore,Annett,Selene,Charles,Sasha,Venessa,Sheron,Valentina,Frances,Jerica,Valentina,Hiram,Malik,Edwina,Sasha,Lin
2020-06-23,Nikole,Christiane,Shelly,Eleanore,Kendrick,Berna,Ellen,Kendrick,Linnie,Star,Ruthann,Grant,Laurene,Luba,Mercedez,Kris,Marietta,Luba,Sage,Jada,Lara,Ona,Gabriel,Frances,Luther,Loura,Kris,Teresia,Jacquie,Werner,Arlyne,Bulah,Laurinda,Kris,Laurinda,Ernesto,Zenaida,Eleanore,Linnie,Joaquina,Roscoe,Edwina,Belia,Madalyn,Maximo,Valentina,Eleanore,Berna,Milan,Luther,Daniell,Emily,Ruthann,Lin,Eleanore,Alicia,Arlyne,Ginette,Aleen,Werner,Edwina,Ashely,Latashia,Mercedez,Milan,Nikole,Milly,Maximo,Jerica,Hildegard,Lara,Donetta,Hyacinth,Lorriane,Mercedez,Kendrick,Laurene,Luther,Lara,Frances,Kris,Sasha,Laurene,Bella,Bulah,Ellen,Ernesto,Marietta,Ashely,Charles,Laurinda,Selene,Linnie,Laurinda,Milly,Freida,Isis,Luther,Hyacinth,Star,Lin,Lorriane,Maximo,Malik,Marta,Loura,Lara,Laurene,Kendrick,Nyla,Milly,Luba,Isis,Nyla,Loura,Frances,Donetta,Roscoe,Marta,Shelly,Kendrick,Anika,Xavier,Sage,Christiane,Bella,Valentina,Grant,Madalyn,Christiane,Erin,Malik,Ruthann,Linnie,Maximo,Selene,Star,Kimberley,Tawny,Marta,Berna,Tawny,Lorriane,Sheron,Shelly,Bella,Marta,Hildegard,Joaquina,Marietta,Arlyne,Ernesto,Foster,Teresia,Milan,Edwina,Kendrick,Bulah,Selene,Ona,Roscoe,Jacquie,Shelly,Rosamond,Isis,Emily,Rosamond,Werner,Charles,Shenna,Sarah,Frances,Mercedez,Gabriel,Tawny,Tawny,Milly,Marietta,Foster,Xavier,Hiram,Ginette,Ernesto,Sheron,Newton,Lillian,Freida,Arlyne,Daniell,Jerica,Kimberley,Valentina,Charles,Kris,Frances,Mercy,Charles,Bulah,Marietta,Frances
2020-06-22,Kimberley,Erin,Lin,Valentina,Bella,Emily,Milan,Jada,Teresia,Hiram,Marta,Madalyn,Jacquie,Jacquie,Mercy,Berna,Christiane,Loura,Freida,Jada,Kris,Marietta,Maximo,Ashely,Lin,Luba,Hyacinth,Rosamond,Lillian,Hiram,Freida,Linnie,Teresia,Linnie,Isis,Ona,Sheron,Jerica,Milly,Joaquina,Hiram,Laurinda,Foster,Bulah,Milan,Ellen,Kimberley,Arlyne,Joaquina,Lara,Nikole,Lorriane,Venessa,Hildegard,Milan,Kendrick,Eleanore,Christiane,Ashely,Valentina,Cindy,Hiram,Ona,Xavier,Venessa,Hiram,Ona,Nyla,Emily,Jacquie,Joaquina,Ona,Latashia,Zenaida,Nyla,Werner,Hiram,Milly,Gabriel,Edwina,Ashely,Marietta,Frances,Anika,Luba,Isis,Tawny,Kendrick,Ernesto,Kendrick,Daniell,Valentina,Marietta,Marta,Emily,Sage,Daniell,Bella,Laurene,Valentina,Ellen,Foster,Ellen,Daniell,Star,Jacquie,Luther,Kris,Luba,Lorriane,Venessa,Arlyne,Ona,Valentina,Venessa,Ashely,Rosamond,Belia,Alicia,Lillian,Malik,Donetta,Ellen,Selene,Erin,Hiram,Ashely,Valentina,Tawny,Foster,Daniell,Laurene,Xavier,Hiram,Foster,Laurinda,Xavier,Kimberley,Ona,Annett,Grant,Kimberley,Jerica,Zenaida,Tawny,Mercedez,Luther,Emily,Hiram,Ernesto,Ashely,Sasha,Hyacinth,Donetta,Bulah,Aleen,Loura,Lillian,Milan,Annett,Isis,Hiram,Ashely,Erin,Milan,Sage,Berna,Roscoe,Lillian,Emily,Hiram,Ginette,Christiane,Lara,Lorriane,Tawny,Luther,Laurinda,Ashely,Jada,Tawny,Luther,Laurene,Edwina,Donetta,Hyacinth,Latashia,Arlyne,Linnie,Star,Sage,Latashia,Berna,Milan,Ernesto,Marta,Sheron,Mercedez,Roscoe,Zenaida
2020-06-21,Ruthann,Ernesto,Daniell,Luba,Newton,Cindy,Ruthann,Nikole,Mercedez,Linnie,Laurene,Daniell,Anika,Malik,Lorriane,Jerica,Roscoe,Eleanore,Tawny,Ellen,Luther,Bella,Gabriel,Werner,Luba,Alicia,Jada,Hyacinth,Roscoe,Freida,Laurinda,Berna,Kimberley,Teresia,Frances,Xavier,Luba,Kris,Luba,Laurene,Kris,Erin,Annett,Belia,Tawny,Sasha,Madalyn,Donetta,Hyacinth,Kimberley,Anika,Alicia,Berna,Sheron,Malik,Newton,Laurene,Roscoe,Anika,Annett,Charles,Malik,Erin,Eleanore,Mercy,Sage,Ashely,Cindy,Annett,Shelly,Ernesto,Milly,Selene,Ona,Freida,Rosamond,Belia,Mercedez,Lara,Anika,Luba,Bella,Gabriel,Rosamond,Daniell,Isis,Marta,Laurinda,Kimberley,Cindy,Charles,Ellen,Kendrick,Tawny,Edwina,Ruthann,Freida,Hildegard,Isis,Laurinda,Lin,Lillian,Xavier,Mercy,Mercy,Milan,Luba,Frances,Star,Maximo,Star,Frances,Laurinda,Milan,Sage,Aleen,Mercedez,Selene,Bulah,Shenna,Sheron,Lillian,Lorriane,Hildegard,Luther,Newton,Jacquie,Foster,Jacquie,Jerica,Foster,Kendrick,Jerica,Maximo,Shelly,Hyacinth,Lillian,Lorriane,Newton,Xavier,Gabriel,Frances,Marta,Mercedez,Arlyne,Foster,Cindy,Valentina,Mercy,Gabriel,Emily,Edwina,Kimberley,Nikole,Arlyne,Lorriane,Joaquina,Annett,Sarah,Mercy,Bella,Shenna,Lorriane,Star,Luther,Sage,Linnie,Freida,Hildegard,Emily,Marta,Jacquie,Teresia,Joaquina,Latashia,Roscoe,Emily,Daniell,Werner,Joaquina,Newton,Teresia,Sage,Nikole,Kimberley,Laurene,Rosamond,Madalyn,Linnie,Lara,Ruthann,Lin,Bulah,Loura,Jada,Milan,Ona,Madalyn,Ginette,Ashely
2020-06-20,Teresia,Ona,Arlyne,Arlyne,Sage,Star,Luba,Kimberley,Laurinda,Freida,Loura,Donetta,Alicia,Bulah,Sheron,Erin,Jada,Kimberley,Isis,Grant,Jacquie,Madalyn,Marietta,Werner,Emily,Shenna,Marietta,Lillian,Jacquie,Kris,Mercy,Nikole,Newton,Anika,Kris,Donetta,Grant,Star,Sage,Malik,Ona,Christiane,Laurene,Werner,Marta,Jerica,Freida,Aleen,Nyla,Ginette,Edwina,Christiane,Frances,Zenaida,Marietta,Luther,Sarah,Tawny,Marta,Gabriel,Sage,Valentina,Marietta,Lara,Anika,Rosamond,Aleen,Selene,Lillian,Luba,Belia,Jada,Ona,Sasha,Teresia,Newton,Luba,Ginette,Jada,Charles,Laurinda,Ernesto,Daniell,Ashely,Rosamond,Sage,Christiane,Sheron,Zenaida,Linnie,Werner,Belia,Mercedez,Jerica,Donetta,Berna,Ashely,Nikole,Grant,Jada,Annett,Lara,Ruthann,Rosamond,Hiram,Gabriel,Teresia,Linnie,Alicia,Freida,Ashely,Selene,Mercy,Kendrick,Isis,Ashely,Bulah,Erin,Malik,Star,Anika,Rosamond,Gabriel,Emily,Loura,Jacquie,Lorriane,Emily,Milly,Venessa,Ginette,Newton,Freida,Ernesto,Jada,Sage,Ellen,Luther,Laurene,Latashia,Mercedez,Hyacinth,Edwina,Mercy,Milan,Ona,Werner,Berna,Loura,Arlyne,Shelly,Bulah,Frances,Freida,Charles,Christiane,Shenna,Daniell,Shenna,Latashia,Loura,Rosamond,Aleen,Selene,Hyacinth,Linnie,Sasha,Sheron,Rosamond,Newton,Arlyne,Sasha,Gabriel,Nyla,Mercy,Ernesto,Zenaida,Marietta,Cindy,Mercedez,Aleen,Shenna,Bella,Malik,Arlyne,Sage,Laurene,Sage,Marta,Jacquie,Joaquina,Lin,Eleanore,Selene,Nikole,Sarah,Marietta,Ashely,Roscoe,Sage
2020-06-19,Selene,Sasha,Luther,Werner,Malik,Bella,Tawny,Tawny,Shenna,Madalyn,Jada,Anika,Milan,Ernesto,Arlyne,Ginette,Berna,Ruthann,Madalyn,Laurene,Lin,Laurinda,Werner,Madalyn,Nyla,Laurene,Laurene,Ellen,Sasha,Nikole,Linnie,Ernesto,Jerica,Shelly,Eleanore,Sage,Sasha,Loura,Daniell,Selene,Ellen,Milly,Arlyne,Kimberley,Shelly,Lin,Loura,Tawny,Valentina,Berna,Ona,Jada,Ernesto,Ellen,Tawny,Roscoe,Star,Eleanore,Maximo,Jerica,Shelly,Daniell,Kris,Ruthann,Donetta,Mercedez,Cindy,Berna,Kris,Sarah,Annett,Nikole,Linnie,Venessa,Tawny,Jerica,Aleen,Tawny,Roscoe,Sage,Latashia,Ginette,Zenaida,Hildegard,Ernesto,Bulah,Ellen,Sasha,Hyacinth,Lorriane,Eleanore,Mercy,Lillian,Ona,Valentina,Laurinda,Xavier,Donetta,Lin,Lorriane,Werner,Venessa,Charles,Maximo,Luba,Sheron,Jerica,Ona,Christiane,Donetta,Lara,Kris,Donetta,Grant,Emily,Joaquina,Laurinda,Alicia,Star,Bulah,Hildegard,Linnie,Cindy,Ernesto,Freida,Ernesto,Star,Gabriel,Lin,Erin,Jacquie,Eleanore,Arlyne,Jada,Star,Maximo,Frances,Eleanore,Bella,Kimberley,Hyacinth,Kimberley,Venessa,Madalyn,Ona,Luther,Marietta,Luther,Luba,Ernesto,Nikole,Eleanore,Kendrick,Valentina,Milan,Anika,Freida,Edwina,Cindy,Kris,Ginette,Foster,Ashely,Latashia,Xavier,Ginette,Alicia,Lin,Luba,Jerica,Madalyn,Hiram,Lillian,Lin,Newton,Ashely,Donetta,Cindy,Milan,Frances,Sage,Belia,Cindy,Roscoe,Erin,Mercy,Gabriel,Nikole,Donetta,Cindy,Jada,Lillian,Daniell,Jada,Venessa,Xavier,Nyla,Ernesto,Sage,Madalyn
2020-06-18,Edwina,Malik,Nyla,Aleen,Ona,Sarah,Tawny,Christiane,Linnie,Berna,Ellen,Foster,Maximo,Erin,Sarah,Isis,Lara,Hiram,Laurene,Luba,Loura,Ashely,Newton,Laurinda,Zenaida,Lorriane,Maximo,Luba,Hiram,Luther,Eleanore,Jacquie,Ashely,Lorriane,Frances,Zenaida,Teresia,Erin,Cindy,Anika,Eleanore,Milly,Nikole,Lin,Joaquina,Zenaida,Luther,Jada,Alicia,Teresia,Ernesto,Edwina,Marta,Kris,Luther,Nikole,Frances,Sasha,Newton,Ona,Milan,Star,Latashia,Ellen,Sheron,Lara,Isis,Donetta,Joaquina,Maximo,Luba,Jada,Madalyn,Luther,Sheron,Sasha,Foster,Bella,Lorriane,Sarah,Loura,Hiram,Lillian,Donetta,Ruthann,Ellen,Sheron,Loura,Shenna,Marietta,Milan,Star,Bella,Kendrick,Ashely,Cindy,Freida,Ellen,Nikole,Roscoe,Nyla,Annett,Charles,Belia,Mercy,Sheron,Alicia,Ashely,Nyla,Christiane,Mercedez,Xavier,Tawny,Alicia,Frances,Jacquie,Edwina,Mercedez,Roscoe,Isis,Frances,Sasha,Joaquina,Lorriane,Marta,Cindy,Jada,Teresia,Donetta,Ginette,Lillian,Marietta,Frances,Maximo,Lin,Freida,Ashely,Jerica,Ginette,Aleen,Ernesto,Lara,Arlyne,Luba,Venessa,Lin,Charles,Hyacinth,Newton,Edwina,Ona,Ruthann,Daniell,Foster,Jerica,Nikole,Laurene,Cindy,Ruthann,Eleanore,Mercedez,Milan,Emily,Sage,Ernesto,Ashely,Emily,Ona,Jerica,Malik,Lorriane,Lara,Nyla,Tawny,Milan,Lillian,Joaquina,Teresia,Erin,Cindy,Roscoe,Anika,Ellen,Isis,Tawny,Laurene,Marietta,Lara,Hildegard,Frances,Daniell,Freida,Ona,Christiane,Edwina,Eleanore,Aleen,Anika,Roscoe,Ginette
2020-06-17,Charles,Freida,Sheron,Isis,Berna,Edwina,Venessa,Jada,Marietta,Arlyne,Bulah,Kimberley,Erin,Nikole,Nikole,Loura,Alicia,Loura,Valentina,Daniell,Frances,Linnie,Sasha,Marietta,Hyacinth,Lorriane,Madalyn,Foster,Frances,Loura,Roscoe,Valentina,Isis,Ginette,Madalyn,Erin,Ruthann,Nikole,Annett,Joaquina,Luther,Frances,Roscoe,Star,Ginette,Ruthann,Marietta,Nyla,Malik,Isis,Ona,Cindy,Hiram,Isis,Lin,Jerica,Bulah,Roscoe,Maximo,Selene,Cindy,Shelly,Belia,Werner,Malik,Sheron,Nikole,Jerica,Latashia,Shenna,Kris,Lillian,Bulah,Aleen,Latashia,Marietta,Annett,Bulah,Ellen,Ona,Donetta,Lorriane,Laurinda,Cindy,Milly,Freida,Ruthann,Shenna,Milan,Cindy,Erin,Shenna,Venessa,Edwina,Valentina,Madalyn,Madalyn,Joaquina,Star,Marietta,Kimberley,Bella,Ona,Mercedez,Gabriel,Lillian,Kimberley,Erin,Jada,Marta,Kris,Luther,Shelly,Selene,Lillian,Bella,Tawny,Venessa,Loura,Jacquie,Nyla,Newton,Cindy,Mercy,Lorriane,Mercy,Alicia,Lin,Shenna,Eleanore,Kimberley,Ruthann,Erin,Alicia,Newton,Foster,Hiram,Sarah,Gabriel,Cindy,Jerica,Belia,Rosamond,Alicia,Lara,Luba,Marietta,Jada,Selene,Jada,Valentina,Milan,Grant,Freida,Xavier,Foster,Ginette,Joaquina,Nyla,Anika,Sasha,Valentina,Eleanore,Valentina,Kimberley,Malik,Bella,Belia,Milly,Mercy,Anika,Donetta,Berna,Kris,Laurinda,Anika,Ona,Sage,Zenaida,Nikole,Berna,Laurene,Ona,Werner,Daniell,Bulah,Joaquina,Milan,Kris,Rosamond,Maximo,Newton,Sarah,Eleanore,Tawny,Kimberley,Newton,Milan,Frances,Berna
2020-06-16,Tawny,Christiane,Donetta,Bulah,Valentina,Jerica,Bella,Charles,Isis,Bulah,Gabriel,Charles,Mercy,Tawny,Star,Kendrick,Valentina,Edwina,Werner,Nyla,Nikole,Gabriel,Cindy,Sasha,Teresia,Erin,Luba,Grant,Daniell,Linnie,Madalyn,Gabriel,Werner,Werner,Laurinda,Jacquie,Star,Milly,Tawny,Arlyne,Alicia,Joaquina,Luba,Xavier,Loura,Lillian,Ashely,Teresia,Nikole,Laurinda,Berna,Selene,Lin,Aleen,Sage,Milan,Venessa,Loura,Jacquie,Lin,Madalyn,Hiram,Mercedez,Frances,Kimberley,Bulah,Selene,Frances,Maximo,Berna,Berna,Eleanore,Ellen,Roscoe,Ellen,Milan,Eleanore,Hildegard,Christiane,Laurinda,Daniell,Foster,Shenna,Lin,Ginette,Marietta,Anika,Laurene,Xavier,Shenna,Luba,Madalyn,Aleen,Shelly,Milly,Shelly,Xavier,Emily,Hyacinth,Zenaida,Luba,Ginette,Hyacinth,Zenaida,Marta,Hiram,Christiane,Donetta,Madalyn,Aleen,Eleanore,Luther,Star,Annett,Venessa,Lin,Nikole,Teresia,Milan,Marta,Aleen,Christiane,Luba,Freida,Luba,Hildegard,Lara,Freida,Ashely,Ruthann,Star,Lin,Mercy,Malik,Malik,Arlyne,Hiram,Arlyne,Madalyn,Hiram,Selene,Laurene,Ruthann,Ellen,Ginette,Kimberley,Lin,Marta,Emily,Daniell,Erin,Belia,Teresia,Marta,Laurene,Isis,Ellen,Lillian,Lorriane,Donetta,Nikole,Xavier,Donetta,Milly,Ona,Freida,Donetta,Sheron,Jerica,Werner,Berna,Sage,Charles,Shelly,Lara,Lara,Luther,Shenna,Ashely,Zenaida,Shelly,Belia,Sage,Jerica,Charles,Kris,Charles,Shenna,Hiram,Luba,Joaquina,Madalyn,Lillian,Ruthann,Ruthann,Shelly,Erin,Rosamond,Emily,Belia
2020-06-15,Ellen,Laurene,Laurinda,Freida,Lorriane,Latashia,Ona,Sasha,Isis,Lara,Malik,Grant,Jacquie,Eleanore,Jerica,Ernesto,Laurinda,Venessa,Ashely,Venessa,Laurene,Marietta,Selene,Charles,Ernesto,Edwina,Frances,Roscoe,Jerica,Tawny,Hyacinth,Annett,Mercedez,Marta,Kimberley,Marta,Shenna,Marta,Berna,Ernesto,Teresia,Annett,Milan,Milan,Malik,Laurinda,Ernesto,Maximo,Roscoe,Venessa,Sarah,Bella,Shelly,Xavier,Jerica,Lillian,Hildegard,Eleanore,Hildegard,Ellen,Roscoe,Belia,Selene,Hyacinth,Latashia,Malik,Alicia,Teresia,Lillian,Aleen,Freida,Teresia,Latashia,Roscoe,Christiane,Luba,Hyacinth,Lillian,Newton,Tawny,Anika,Maximo,Kris,Freida,Ernesto,Berna,Ruthann,Teresia,Gabriel,Freida,Mercy,Rosamond,Sasha,Annett,Venessa,Loura,Milly,Venessa,Star,Joaquina,Kendrick,Ashely,Sasha,Lara,Lara,Ruthann,Sage,Kendrick,Valentina,Selene,Ona,Christiane,Xavier,Alicia,Ashely,Jerica,Laurinda,Hildegard,Latashia,Sage,Teresia,Eleanore,Roscoe,Roscoe,Daniell,Kendrick,Eleanore,Berna,Lorriane,Lara,Belia,Sage,Tawny,Newton,Kimberley,Nikole,Nyla,Luba,Zenaida,Belia,Kimberley,Ellen,Donetta,Arlyne,Kendrick,Teresia,Cindy,Laurene,Sheron,Valentina,Frances,Selene,Daniell,Grant,Marta,Grant,Luther,Marietta,Kendrick,Bulah,Selene,Zenaida,Maximo,Loura,Ona,Jacquie,Jacquie,Milan,Ashely,Laurene,Mercy,Grant,Marta,Linnie,Maximo,Kimberley,Hildegard,Marta,Kris,Xavier,Jada,Lillian,Rosamond,Rosamond,Maximo,Sasha,Mercy,Nyla,Newton,Sasha,Hildegard,Ellen,Sasha,Jerica,Valentina,Emily,Jacquie,Grant,Teresia,Anika
2020-06-14,Alicia,Sheron,Kendrick,Teresia,Sasha,Kendrick,Lara,Milan,Nyla,Bulah,Joaquina,Valentina,Sheron,Newton,Laurinda,Lillian,Berna,Ginette,Milly,Ona,Freida,Jacquie,Donetta,Nyla,Sage,Emily,Sheron,Xavier,Jada,Arlyne,Sasha,Ona,Tawny,Maximo,Grant,Lillian,Nyla,Linnie,Daniell,Tawny,Jada,Anika,Marietta,Daniell,Christiane,Laurene,Bulah,Nikole,Emily,Xavier,Laurinda,Laurene,Anika,Jacquie,Emily,Charles,Ginette,Freida,Werner,Maximo,Ginette,Kimberley,Sarah,Tawny,Linnie,Ona,Valentina,Hildegard,Arlyne,Milan,Hiram,Gabriel,Maximo,Nyla,Alicia,Cindy,Newton,Ruthann,Rosamond,Tawny,Loura,Hiram,Bulah,Joaquina,Charles,Jacquie,Loura,Teresia,Isis,Ellen,Hiram,Laurinda,Teresia,Emily,Star,Star,Mercy,Selene,Jada,Star,Newton,Latashia,Jada,Joaquina,Shenna,Lillian,Sheron,Laurene,Ellen,Grant,Venessa,Hildegard,Aleen,Mercedez,Madalyn,Werner,Cindy,Maximo,Belia,Aleen,Hildegard,Eleanore,Joaquina,Lin,Lin,Milan,Latashia,Erin,Gabriel,Ernesto,Hyacinth,Loura,Milan,Shenna,Zenaida,Gabriel,Kris,Gabriel,Luther,Berna,Freida,Star,Eleanore,Nyla,Roscoe,Hildegard,Milan,Joaquina,Ginette,Daniell,Hyacinth,Aleen,Christiane,Shelly,Bella,Sage,Mercedez,Edwina,Sage,Freida,Newton,Edwina,Ashely,Selene,Lorriane,Rosamond,Hiram,Berna,Sage,Grant,Emily,Werner,Arlyne,Mercedez,Xavier,Kris,Marta,Nyla,Grant,Rosamond,Erin,Ginette,Berna,Gabriel,Belia,Charles,Roscoe,Lillian,Venessa,Laurinda,Hyacinth,Valentina,Annett,Star,Nyla,Nyla,Isis,Isis,Laurinda,Emily
2020-06-13,Emily,Daniell,Maximo,Lillian,Jerica,Venessa,Star,Ona,Jacquie,Laurinda,Foster,Mercedez,Aleen,Roscoe,Bella,Jada,Charles,Belia,Jacquie,Laurene,Roscoe,Sasha,Edwina,Malik,Lillian,Hildegard,Star,Shenna,Edwina,Jerica,Lin,Grant,Mercy,Sarah,Luba,Hyacinth,Annett,Shelly,Sasha,Hiram,Newton,Zenaida,Lillian,Donetta,Luba,Loura,Malik,Roscoe,Rosamond,Selene,Emily,Roscoe,Freida,Charles,Kimberley,Marietta,Frances,Valentina,Roscoe,Bella,Freida,Mercy,Jada,Ona,Joaquina,Foster,Milan,Xavier,Tawny,Sage,Isis,Lin,Hildegard,Tawny,Berna,Ruthann,Foster,Ellen,Rosamond,Ashely,Kris,Mercedez,Madalyn,Malik,Jacquie,Sasha,Bella,Sheron,Daniell,Bulah,Joaquina,Lara,Selene,Latashia,Marta,Lara,Charles,Ernesto,Kendrick,Sage,Maximo,Jacquie,Edwina,Hyacinth,Lillian,Shelly,Foster,Latashia,Shelly,Lin,Donetta,Belia,Roscoe,Mercy,Nikole,Lillian,Aleen,Sasha,Alicia,Hildegard,Freida,Kendrick,Arlyne,Marietta,Milly,Nikole,Newton,Sarah,Ginette,Alicia,Star,Lorriane,Rosamond,Selene,Bella,Latashia,Xavier,Roscoe,Star,Aleen,Lara,Joaquina,Belia,Roscoe,Shelly,Sarah,Shelly,Xavier,Belia,Hiram,Ellen,Maximo,Marta,Bella,Joaquina,Sage,Roscoe,Ruthann,Mercedez,Sheron,Ashely,Latashia,Sasha,Sheron,Shelly,Ernesto,Linnie,Frances,Linnie,Erin,Werner,Milan,Jerica,Donetta,Loura,Marta,Frances,Lillian,Cindy,Teresia,Sasha,Lorriane,Rosamond,Rosamond,Luba,Jada,Loura,Lin,Lorriane,Freida,Venessa,Annett,Milan,Erin,Nikole,Belia,Erin,Daniell,Aleen,Ruthann
2020-06-12,Hildegard,Shelly,Shenna,Grant,Madalyn,Gabriel,Gabriel,Kimberley,Shenna,Daniell,Valentina,Annett,Luther,Valentina,Ellen,Roscoe,Shelly,Aleen,Xavier,Mercy,Berna,Donetta,Alicia,Zenaida,Kimberley,Jada,Jerica,Valentina,Lorriane,Shenna,Milan,Jacquie,Edwina,Milly,Jada,Sage,Werner,Zenaida,Milan,Shelly,Maximo,Jerica,Charles,Eleanore,Joaquina,Lara,Shelly,Nyla,Rosamond,Ernesto,Werner,Newton,Emily,Sarah,Ernesto,Gabriel,Shelly,Linnie,Arlyne,Sasha,Werner,Ruthann,Sheron,Madalyn,Kris,Laurene,Freida,Venessa,Marietta,Latashia,Hiram,Freida,Ginette,Erin,Ona,Frances,Hiram,Sage,Star,Grant,Lillian,Mercedez,Jada,Joaquina,Malik,Arlyne,Laurene,Laurinda,Erin,Emily,Ashely,Cindy,Hyacinth,Sage,Shelly,Marietta,Isis,Lin,Zenaida,Sarah,Annett,Lorriane,Erin,Ona,Hyacinth,Sasha,Jerica,Ashely,Roscoe,Charles,Anika,Aleen,Annett,Gabriel,Donetta,Isis,Annett,Arlyne,Foster,Lorriane,Jada,Maximo,Eleanore,Nyla,Grant,Marta,Maximo,Rosamond,Hildegard,Bella,Anika,Hiram,Frances,Foster,Shenna,Sasha,Sarah,Arlyne,Donetta,Ashely,Frances,Grant,Roscoe,Aleen,Newton,Lillian,Selene,Isis,Mercedez,Newton,Lin,Lin,Kimberley,Anika,Marietta,Daniell,Foster,Ginette,Teresia,Milly,Joaquina,Luba,Emily,Sarah,Werner,Eleanore,Isis,Foster,Tawny,Annett,Daniell,Eleanore,Latashia,Marietta,Frances,Marta,Laurene,Christiane,Ashely,Ginette,Hildegard,Shenna,Teresia,Joaquina,Tawny,Madalyn,Kimberley,Nikole,Joaquina,Malik,Hildegard,Lara,Roscoe,Laurinda,Foster,Frances,Berna,Ashely,Hyacinth,Malik
2020-06-11,Erin,Annett,Freida,Kendrick,Bella,Luba,Anika,Foster,Linnie,Laurinda,Zenaida,Shenna,Linnie,Daniell,Hiram,Sasha,Jada,Belia,Mercedez,Latashia,Alicia,Teresia,Ginette,Erin,Selene,Eleanore,Lin,Lin,Jada,Milly,Jada,Charles,Sage,Linnie,Bella,Annett,Arlyne,Sasha,Luba,Luther,Freida,Erin,Tawny,Luba,Arlyne,Hyacinth,Jerica,Lillian,Ona,Ruthann,Werner,Linnie,Laurinda,Foster,Emily,Zenaida,Ginette,Tawny,Emily,Ernesto,Ellen,Jacquie,Tawny,Berna,Bulah,Sarah,Luther,Linnie,Grant,Laurene,Jacquie,Isis,Arlyne,Jada,Teresia,Sheron,Latashia,Lin,Milly,Luba,Ellen,Kris,Ruthann,Shenna,Milly,Loura,Eleanore,Luba,Sheron,Laurinda,Bella,Kimberley,Milan,Alicia,Sasha,Lorriane,Nikole,Alicia,Linnie,Venessa,Daniell,Rosamond,Maximo,Berna,Christiane,Cindy,Ona,Selene,Rosamond,Lorriane,Ashely,Hiram,Emily,Milan,Laurinda,Selene,Madalyn,Laurene,Joaquina,Loura,Jacquie,Frances,Frances,Xavier,Alicia,Nyla,Zenaida,Ginette,Marta,Charles,Charles,Christiane,Latashia,Frances,Ernesto,Star,Madalyn,Milly,Christiane,Edwina,Arlyne,Isis,Donetta,Maximo,Kimberley,Venessa,Shenna,Hiram,Aleen,Freida,Tawny,Hildegard,Cindy,Bella,Laurene,Lara,Madalyn,Linnie,Nikole,Kendrick,Bella,Luba,Ruthann,Annett,Milly,Werner,Ellen,Teresia,Malik,Jacquie,Milly,Erin,Hyacinth,Daniell,Jacquie,Grant,Kendrick,Marta,Belia,Ginette,Alicia,Grant,Gabriel,Newton,Jerica,Marta,Edwina,Donetta,Christiane,Daniell,Milan,Sheron,Marta,Freida,Kris,Zenaida,Ruthann,Aleen,Ona,Ruthann
2020-06-10,Sage,Ona,Charles,Linnie,Ernesto,Charles,Emily,Lillian,Foster,Belia,Frances,Marta,Arlyne,Newton,Rosamond,Marta,Sasha,Charles,Mercy,Nikole,Sheron,Joaquina,Rosamond,Ginette,Jada,Lorriane,Daniell,Bella,Bulah,Lorriane,Marta,Nikole,Daniell,Selene,Luba,Latashia,Tawny,Frances,Nikole,Sheron,Tawny,Laurinda,Eleanore,Malik,Lorriane,Foster,Laurinda,Madalyn,Belia,Isis,Milly,Daniell,Ellen,Ginette,Laurene,Mercedez,Marietta,Sheron,Ruthann,Lara,Maximo,Valentina,Hiram,Eleanore,Ernesto,Luba,Ginette,Shelly,Nikole,Belia,Ernesto,Nyla,Rosamond,Ginette,Maximo,Ashely,Aleen,Ernesto,Roscoe,Jada,Sarah,Luba,Sasha,Milly,Anika,Sheron,Erin,Loura,Frances,Gabriel,Sasha,Ernesto,Anika,Milly,Luba,Ashely,Sasha,Maximo,Laurinda,Loura,Selene,Cindy,Rosamond,Ashely,Ashely,Tawny,Freida,Donetta,Aleen,Sage,Emily,Sasha,Bella,Hildegard,Grant,Hildegard,Zenaida,Alicia,Sage,Isis,Rosamond,Mercedez,Ashely,Maximo,Laurinda,Cindy,Venessa,Charles,Charles,Ona,Laurene,Laurene,Shelly,Maximo,Linnie,Loura,Werner,Ruthann,Valentina,Lillian,Milan,Christiane,Shelly,Luba,Frances,Sarah,Hyacinth,Sage,Edwina,Selene,Milly,Luba,Ruthann,Jada,Ellen,Latashia,Mercy,Hyacinth,Newton,Ginette,Mercedez,Hyacinth,Sarah,Mercy,Kimberley,Hiram,Alicia,Teresia,Zenaida,Sage,Belia,Grant,Hiram,Loura,Bulah,Venessa,Erin,Anika,Bulah,Ellen,Sage,Marta,Ruthann,Marietta,Marta,Hiram,Kris,Milan,Zenaida,Christiane,Lara,Ashely,Ashely,Bella,Ellen,Lillian,Ruthann,Ernesto,Milan,Kimberley
2020-06-09,Laurinda,Ona,Nyla,Roscoe,Tawny,Aleen,Joaquina,Linnie,Venessa,Xavier,Foster,Zenaida,Berna,Milan,Aleen,Ruthann,Hyacinth,Lara,Sheron,Ona,Rosamond,Daniell,Bella,Belia,Alicia,Christiane,Laurinda,Arlyne,Charles,Zenaida,Gabriel,Kendrick,Ernesto,Mercy,Sasha,Zenaida,Malik,Nikole,Tawny,Foster,Freida,Tawny,Lara,Ona,Sage,Ashely,Isis,Mercedez,Milan,Bella,Xavier,Anika,Laurene,Werner,Selene,Aleen,Rosamond,Xavier,Ginette,Freida,Valentina,Isis,Maximo,Selene,Valentina,Freida,Ginette,Edwina,Alicia,Edwina,Linnie,Sheron,Ernesto,Frances,Ginette,Foster,Luba,Latashia,Maximo,Lara,Shenna,Christiane,Edwina,Lara,Loura,Luba,Ernesto,Rosamond,Kendrick,Freida,Selene,Hyacinth,Latashia,Kimberley,Marietta,Werner,Anika,Roscoe,Latashia,Anika,Mercedez,Selene,Emily,Jerica,Loura,Lillian,Lillian,Cindy,Mercy,Jada,Bella,Berna,Aleen,Linnie,Lorriane,Anika,Foster,Werner,Grant,Shelly,Milan,Foster,Hyacinth,Berna,Madalyn,Ernesto,Werner,Sage,Selene,Lorriane,Grant,Madalyn,Hiram,Lara,Mercedez,Daniell,Sasha,Belia,Xavier,Ginette,Madalyn,Teresia,Kimberley,Aleen,Foster,Jerica,Milan,Berna,Roscoe,Venessa,Edwina,Luther,Loura,Hiram,Sarah,Belia,Linnie,Gabriel,Newton,Charles,Charles,Gabriel,Maximo,Star,Jerica,Bulah,Zenaida,Milly,Isis,Arlyne,Teresia,Milly,Marietta,Luther,Jerica,Grant,Marta,Mercedez,Kris,Werner,Charles,Newton,Frances,Newton,Bulah,Grant,Hildegard,Hildegard,Madalyn,Latashia,Venessa,Roscoe,Daniell,Milan,Hiram,Sarah,Kimberley,Edwina,Luther,Ellen
2020-06-08,Hildegard,Ruthann,Latashia,Xavier,Rosamond,Sage,Ginette,Arlyne,Xavier,Luba,Tawny,Madalyn,Milly,Belia,Kimberley,Nyla,Tawny,Ashely,Annett,Sarah,Berna,Lara,Isis,Ona,Mercedez,Sage,Eleanore,Edwina,Sage,Shenna,Bella,Edwina,Latashia,Hildegard,Star,Ona,Maximo,Cindy,Jacquie,Linnie,Bella,Isis,Star,Freida,Ginette,Isis,Bella,Sarah,Mercy,Kris,Berna,Joaquina,Kris,Malik,Belia,Charles,Kris,Isis,Ellen,Grant,Malik,Ona,Christiane,Jacquie,Sheron,Cindy,Hyacinth,Joaquina,Foster,Kimberley,Ginette,Xavier,Christiane,Christiane,Nyla,Joaquina,Christiane,Christiane,Latashia,Xavier,Roscoe,Emily,Berna,Shenna,Erin,Star,Ellen,Ruthann,Loura,Ruthann,Sasha,Sheron,Teresia,Eleanore,Star,Donetta,Selene,Laurene,Hyacinth,Sage,Kris,Laurene,Belia,Hildegard,Linnie,Nikole,Sarah,Isis,Xavier,Star,Frances,Anika,Ellen,Rosamond,Luba,Luba,Donetta,Arlyne,Mercy,Charles,Hiram,Mercedez,Ashely,Donetta,Lillian,Valentina,Teresia,Latashia,Ellen,Charles,Lorriane,Alicia,Star,Marietta,Sasha,Mercy,Hildegard,Luba,Lin,Luther,Maximo,Joaquina,Cindy,Hiram,Newton,Grant,Selene,Sasha,Laurinda,Anika,Hiram,Kris,Belia,Bella,Erin,Rosamond,Werner,Werner,Joaquina,Jerica,Shelly,Roscoe,Aleen,Alicia,Cindy,Shelly,Laurinda,Foster,Anika,Linnie,Nikole,Arlyne,Lillian,Freida,Malik,Valentina,Daniell,Bulah,Edwina,Ginette,Joaquina,Annett,Roscoe,Sarah,Rosamond,Linnie,Roscoe,Malik,Charles,Milly,Nyla,Ona,Berna,Frances,Loura,Sheron,Cindy,Bulah,Jada,Xavier
2020-06-07,Lillian,Nyla,Sage,Gabriel,Laurinda,Shelly,Emily,Marta,Luther,Foster,Rosamond,Shenna,Ernesto,Roscoe,Emily,Kendrick,Kris,Donetta,Hiram,Sasha,Freida,Luba,Laurinda,Lillian,Eleanore,Jacquie,Tawny,Loura,Ernesto,Ernesto,Latashia,Annett,Luther,Ashely,Loura,Gabriel,Selene,Erin,Star,Annett,Shelly,Hildegard,Anika,Anika,Hyacinth,Marietta,Kimberley,Arlyne,Isis,Erin,Kimberley,Jada,Arlyne,Mercedez,Zenaida,Zenaida,Lin,Marietta,Arlyne,Anika,Jacquie,Werner,Roscoe,Bulah,Madalyn,Charles,Gabriel,Erin,Mercy,Emily,Ellen,Nyla,Newton,Charles,Anika,Arlyne,Freida,Kris,Annett,Latashia,Luther,Isis,Luba,Lillian,Lin,Donetta,Shelly,Xavier,Jerica,Sarah,Foster,Milly,Emily,Joaquina,Edwina,Lillian,Kimberley,Luba,Newton,Sage,Erin,Latashia,Arlyne,Tawny,Jacquie,Ona,Madalyn,Erin,Mercy,Venessa,Milan,Marta,Arlyne,Bella,Xavier,Sage,Erin,Ruthann,Roscoe,Erin,Valentina,Luba,Madalyn,Milly,Edwina,Valentina,Berna,Hiram,Jacquie,Emily,Belia,Anika,Milan,Teresia,Xavier,Edwina,Kendrick,Ginette,Lillian,Cindy,Latashia,Sheron,Mercy,Venessa,Tawny,Ginette,Foster,Lin,Ashely,Kris,Latashia,Kris,Arlyne,Newton,Daniell,Mercedez,Gabriel,Xavier,Christiane,Milly,Ginette,Annett,Anika,Daniell,Edwina,Foster,Gabriel,Sage,Cindy,Eleanore,Mercy,Newton,Berna,Laurinda,Marta,Nikole,Lara,Frances,Charles,Marietta,Grant,Ruthann,Mercedez,Sheron,Erin,Shelly,Edwina,Zenaida,Arlyne,Freida,Shenna,Rosamond,Ginette,Shelly,Ernesto,Arlyne,Newton,Shenna,Erin,Shelly
2020-06-06,Isis,Marta,Milly,Bella,Cindy,Ashely,Ernesto,Newton,Bella,Lara,Milan,Madalyn,Freida,Donetta,Ernesto,Maximo,Bulah,Teresia,Ernesto,Ruthann,Milan,Hildegard,Marta,Maximo,Foster,Mercy,Sasha,Lillian,Lillian,Alicia,Roscoe,Marietta,Marietta,Donetta,Ginette,Joaquina,Loura,Jerica,Kris,Kris,Tawny,Emily,Rosamond,Shelly,Luther,Alicia,Belia,Grant,Shenna,Kris,Kimberley,Tawny,Jada,Roscoe,Shenna,Sarah,Sarah,Lin,Eleanore,Valentina,Freida,Daniell,Milly,Joaquina,Ellen,Daniell,Charles,Cindy,Selene,Marietta,Bella,Marietta,Kimberley,Malik,Rosamond,Luther,Xavier,Annett,Isis,Ellen,Milan,Gabriel,Lorriane,Kris,Mercedez,Xavier,Ona,Cindy,Sage,Latashia,Zenaida,Hildegard,Sage,Kimberley,Selene,Latashia,Christiane,Milan,Tawny,Sage,Emily,Linnie,Jerica,Ginette,Nikole,Rosamond,Freida,Aleen,Lorriane,Linnie,Berna,Marietta,Jacquie,Alicia,Venessa,Linnie,Bella,Lara,Gabriel,Cindy,Sage,Erin,Frances,Malik,Erin,Nyla,Christiane,Malik,Madalyn,Joaquina,Kimberley,Erin,Annett,Jerica,Freida,Nyla,Laurene,Hiram,Lin,Jerica,Xavier,Grant,Lara,Annett,Lorriane,Sheron,Sage,Frances,Sasha,Aleen,Alicia,Rosamond,Malik,Nikole,Luba,Ginette,Sheron,Maximo,Luther,Kris,Lorriane,Emily,Nikole,Lorriane,Hildegard,Laurinda,Luther,Isis,Kris,Ona,Ginette,Malik,Frances,Annett,Mercy,Star,Teresia,Roscoe,Hyacinth,Roscoe,Belia,Kris,Maximo,Valentina,Kimberley,Joaquina,Mercedez,Sheron,Freida,Sage,Edwina,Werner,Aleen,Luba,Linnie,Kris,Teresia,Bella,Lin,Jacquie
2020-06-05,Frances,Kendrick,Maximo,Ruthann,Werner,Milan,Mercedez,Luther,Daniell,Hyacinth,Cindy,Annett,Lillian,Ashely,Rosamond,Christiane,Werner,Nikole,Sasha,Roscoe,Sasha,Erin,Sheron,Lin,Freida,Anika,Sasha,Mercy,Erin,Erin,Bulah,Luba,Loura,Jacquie,Ernesto,Loura,Gabriel,Charles,Ruthann,Teresia,Tawny,Shelly,Hiram,Roscoe,Frances,Berna,Hyacinth,Erin,Rosamond,Annett,Joaquina,Newton,Daniell,Hyacinth,Maximo,Milan,Teresia,Christiane,Madalyn,Emily,Nyla,Jacquie,Bella,Cindy,Arlyne,Frances,Hiram,Aleen,Isis,Ginette,Lorriane,Ruthann,Sarah,Marietta,Ona,Cindy,Belia,Madalyn,Sage,Annett,Hyacinth,Loura,Laurene,Shenna,Ernesto,Star,Mercedez,Milan,Laurinda,Malik,Sage,Berna,Edwina,Eleanore,Jerica,Valentina,Annett,Luther,Arlyne,Jada,Joaquina,Linnie,Hyacinth,Milan,Bella,Nikole,Latashia,Frances,Eleanore,Cindy,Eleanore,Kendrick,Ginette,Erin,Joaquina,Freida,Werner,Bulah,Zenaida,Roscoe,Kimberley,Belia,Malik,Grant,Ona,Ginette,Marietta,Nikole,Alicia,Nyla,Lara,Aleen,Ellen,Roscoe,Rosamond,Teresia,Marietta,Newton,Shelly,Zenaida,Shenna,Venessa,Werner,Rosamond,Rosamond,Daniell,Lorriane,Joaquina,Anika,Jacquie,Madalyn,Sage,Jada,Hiram,Eleanore,Nyla,Freida,Joaquina,Bella,Newton,Ellen,Hiram,Milly,Alicia,Hiram,Lin,Zenaida,Aleen,Laurinda,Gabriel,Annett,Luba,Eleanore,Maximo,Loura,Cindy,Milly,Foster,Luther,Teresia,Donetta,Ginette,Eleanore,Annett,Mercedez,Aleen,Bulah,Marta,Selene,Ellen,Shenna,Bulah,Selene,Hiram,Ashely,Erin,Mercy,Hildegard,Gabriel,Sage
2020-06-04,Nyla,Donetta,Berna,Annett,Christiane,Tawny,Selene,Edwina,Teresia,Berna,Frances,Edwina,Lara,Luther,Kendrick,Christiane,Frances,Emily,Linnie,Aleen,Madalyn,Mercedez,Mercedez,Linnie,Sasha,Hyacinth,Berna,Ernesto,Shenna,Werner,Donetta,Loura,Belia,Star,Luba,Ellen,Ruthann,Nyla,Linnie,Bella,Laurinda,Marietta,Laurinda,Ginette,Alicia,Sasha,Sheron,Sheron,Eleanore,Lara,Star,Hyacinth,Sasha,Sheron,Nikole,Eleanore,Nyla,Foster,Selene,Berna,Marietta,Tawny,Nyla,Erin,Shenna,Linnie,Teresia,Newton,Bella,Jacquie,Madalyn,Luba,Foster,Werner,Kimberley,Nyla,Hiram,Charles,Arlyne,Annett,Eleanore,Sage,Kris,Malik,Cindy,Charles,Shelly,Latashia,Mercy,Marta,Jacquie,Maximo,Kris,Werner,Loura,Foster,Marietta,Ginette,Luther,Linnie,Newton,Lin,Grant,Ruthann,Aleen,Zenaida,Lorriane,Hyacinth,Joaquina,Milan,Eleanore,Jada,Luther,Alicia,Jacquie,Isis,Donetta,Kimberley,Donetta,Star,Luba,Berna,Kris,Annett,Cindy,Luba,Hyacinth,Charles,Star,Ona,Star,Bella,Freida,Lorriane,Maximo,Star,Sasha,Hildegard,Venessa,Venessa,Jacquie,Arlyne,Werner,Zenaida,Sarah,Kendrick,Freida,Arlyne,Isis,Star,Linnie,Luther,Hiram,Nikole,Werner,Anika,Luba,Luther,Erin,Lara,Marta,Valentina,Annett,Star,Nyla,Shelly,Emily,Kimberley,Freida,Latashia,Aleen,Star,Kimberley,Werner,Marta,Gabriel,Hiram,Werner,Ona,Latashia,Tawny,Hildegard,Belia,Bulah,Gabriel,Edwina,Annett,Jerica,Bella,Loura,Madalyn,Maximo,Berna,Star,Joaquina,Eleanore,Donetta,Ruthann,Marietta,Daniell
2020-06-03,Shenna,Sage,Hyacinth,Edwina,Bulah,Gabriel,Nyla,Shelly,Eleanore,Aleen,Lillian,Foster,Rosamond,Shelly,Frances,Emily,Ginette,Roscoe,Lin,Lillian,Sasha,Ellen,Annett,Selene,Luba,Nikole,Anika,Lara,Luther,Sage,Teresia,Jerica,Bulah,Xavier,Marta,Bella,Ginette,Shenna,Eleanore,Joaquina,Lillian,Frances,Erin,Aleen,Loura,Laurene,Annett,Kris,Milan,Aleen,Star,Nyla,Jerica,Ruthann,Maximo,Anika,Lorriane,Sage,Malik,Ginette,Luba,Nikole,Eleanore,Erin,Milan,Anika,Lara,Isis,Xavier,Alicia,Ernesto,Jerica,Rosamond,Erin,Ginette,Sage,Marietta,Sheron,Kendrick,Latashia,Star,Hyacinth,Isis,Bulah,Linnie,Freida,Selene,Laurinda,Donetta,Jerica,Kimberley,Laurinda,Malik,Milan,Latashia,Newton,Nyla,Star,Ginette,Latashia,Sarah,Charles,Ernesto,Marta,Newton,Anika,Donetta,Linnie,Shenna,Kendrick,Milly,Linnie,Werner,Foster,Jada,Selene,Luba,Joaquina,Tawny,Kimberley,Grant,Valentina,Sarah,Daniell,Sarah,Isis,Valentina,Ellen,Joaquina,Eleanore,Nikole,Isis,Belia,Freida,Kimberley,Nikole,Jada,Laurene,Linnie,Milly,Luther,Werner,Charles,Ashely,Lillian,Marta,Teresia,Lillian,Bella,Jada,Ona,Mercy,Ginette,Marietta,Zenaida,Milly,Newton,Annett,Kimberley,Latashia,Malik,Mercy,Xavier,Frances,Annett,Zenaida,Ellen,Jada,Milly,Edwina,Joaquina,Linnie,Latashia,Berna,Foster,Laurene,Linnie,Sarah,Nyla,Werner,Star,Freida,Mercedez,Alicia,Ernesto,Belia,Anika,Lillian,Venessa,Ellen,Luba,Sasha,Lorriane,Hyacinth,Sarah,Zenaida,Tawny,Ruthann,Newton,Laurene
2020-06-02,Marietta,Hyacinth,Edwina,Xavier,Laurinda,Selene,Alicia,Marta,Xavier,Tawny,Luther,Edwina,Maximo,Star,Anika,Ginette,Xavier,Jerica,Charles,Marta,Kimberley,Madalyn,Maximo,Ashely,Luther,Ashely,Emily,Marietta,Charles,Jada,Foster,Ashely,Anika,Roscoe,Jada,Charles,Zenaida,Ruthann,Shenna,Lorriane,Daniell,Sage,Sarah,Bella,Hiram,Gabriel,Joaquina,Charles,Ernesto,Luther,Ruthann,Marta,Laurene,Eleanore,Roscoe,Milan,Ernesto,Kendrick,Jada,Joaquina,Aleen,Nikole,Belia,Teresia,Nyla,Latashia,Valentina,Frances,Charles,Lorriane,Ellen,Charles,Bella,Werner,Sage,Zenaida,Isis,Charles,Lillian,Teresia,Emily,Milly,Laurene,Bella,Sheron,Mercy,Milan,Charles,Kendrick,Annett,Madalyn,Teresia,Rosamond,Luther,Valentina,Linnie,Donetta,Nikole,Shelly,Freida,Tawny,Anika,Emily,Berna,Teresia,Latashia,Kimberley,Xavier,Marietta,Lin,Daniell,Jada,Anika,Sheron,Malik,Werner,Marta,Grant,Ginette,Lara,Annett,Frances,Linnie,Jerica,Luther,Cindy,Ashely,Joaquina,Shelly,Ashely,Jerica,Lorriane,Teresia,Maximo,Milly,Arlyne,Daniell,Linnie,Erin,Jada,Selene,Shelly,Kimberley,Bulah,Ashely,Rosamond,Lin,Hyacinth,Sarah,Donetta,Loura,Grant,Ginette,Rosamond,Ona,Alicia,Mercy,Daniell,Christiane,Gabriel,Eleanore,Nikole,Ginette,Sage,Sage,Annett,Jacquie,Ashely,Eleanore,Anika,Nyla,Edwina,Daniell,Emily,Grant,Ellen,Mercedez,Aleen,Lorriane,Valentina,Kendrick,Marietta,Rosamond,Newton,Donetta,Star,Marta,Anika,Cindy,Ruthann,Jacquie,Ruthann,Bulah,Grant,Christiane,Freida,Ellen,Venessa,Teresia,Xavier
2020-06-01,Cindy,Ernesto,Daniell,Milly,Zenaida,Venessa,Bella,Kris,Belia,Arlyne,Jerica,Joaquina,Daniell,Rosamond,Donetta,Ellen,Luther,Mercedez,Venessa,Lillian,Sage,Ellen,Eleanore,Grant,Arlyne,Valentina,Christiane,Anika,Lin,Loura,Grant,Newton,Milly,Lorriane,Mercy,Ona,Freida,Lin,Emily,Tawny,Eleanore,Lin,Latashia,Foster,Maximo,Marta,Lin,Roscoe,Ruthann,Charles,Hildegard,Marietta,Grant,Joaquina,Aleen,Donetta,Teresia,Hyacinth,Star,Jada,Mercy,Madalyn,Sasha,Berna,Lin,Mercedez,Frances,Sage,Marta,Shelly,Milan,Freida,Mercedez,Mercy,Sarah,Sheron,Sheron,Venessa,Ellen,Foster,Erin,Ernesto,Madalyn,Jacquie,Lillian,Daniell,Shelly,Grant,Aleen,Lillian,Ginette,Bulah,Jerica,Selene,Luba,Kimberley,Ashely,Latashia,Christiane,Venessa,Milly,Xavier,Anika,Jada,Ona,Frances,Zenaida,Annett,Loura,Lorriane,Luther,Lara,Star,Alicia,Roscoe,Charles,Gabriel,Madalyn,Ashely,Luba,Jerica,Werner,Venessa,Freida,Nyla,Hyacinth,Roscoe,Star,Mercedez,Christiane,Berna,Teresia,Edwina,Hildegard,Newton,Ginette,Lillian,Arlyne,Nikole,Sage,Madalyn,Grant,Kris,Loura,Ginette,Linnie,Selene,Alicia,Milan,Lara,Ellen,Freida,Foster,Emily,Milly,Charles,Sage,Laurinda,Ashely,Mercy,Star,Venessa,Venessa,Joaquina,Sasha,Jacquie,Selene,Selene,Selene,Arlyne,Milly,Lillian,Ginette,Werner,Roscoe,Ruthann,Erin,Frances,Gabriel,Arlyne,Mercy,Latashia,Laurinda,Selene,Maximo,Arlyne,Zenaida,Cindy,Jerica,Annett,Annett,Ellen,Frances,Luba,Madalyn,Ashely,Hiram,Milan,Teresia,Ashely
2020-05-31,Joaquina,Ruthann,Hiram,Annett,Charles,Kimberley,Star,Kris,Lorriane,Nyla,Charles,Annett,Ashely,Latashia,Ashely,Marta,Nikole,Valentina,Hyacinth,Grant,Kendrick,Laurene,Laurinda,Shelly,Sage,Freida,Lara,Annett,Foster,Maximo,Shenna,Selene,Foster,Luther,Luther,Foster,Venessa,Tawny,Bulah,Roscoe,Eleanore,Malik,Mercedez,Lara,Berna,Newton,Foster,Edwina,Belia,Berna,Donetta,Cindy,Aleen,Kimberley,Venessa,Emily,Xavier,Eleanore,Emily,Foster,Laurinda,Kimberley,Edwina,Emily,Hiram,Annett,Marta,Luther,Selene,Jacquie,Sheron,Ellen,Freida,Cindy,Freida,Ruthann,Donetta,Jacquie,Belia,Maximo,Milan,Nyla,Xavier,Werner,Xavier,Erin,Ginette,Daniell,Ernesto,Ellen,Sasha,Arlyne,Charles,Alicia,Mercedez,Lin,Ona,Newton,Donetta,Madalyn,Milly,Belia,Ellen,Erin,Hildegard,Kris,Ernesto,Milan,Alicia,Charles,Grant,Gabriel,Malik,Sasha,Linnie,Tawny,Bella,Zenaida,Annett,Milan,Eleanore,Linnie,Hildegard,Milly,Laurinda,Arlyne,Hiram,Lin,Laurinda,Sarah,Rosamond,Erin,Lorriane,Christiane,Hildegard,Anika,Frances,Milan,Mercy,Newton,Rosamond,Luba,Sage,Edwina,Berna,Marietta,Grant,Tawny,Charles,Star,Hiram,Christiane,Lillian,Jada,Ashely,Jada,Sage,Gabriel,Star,Venessa,Charles,Laurene,Laurinda,Joaquina,Hyacinth,Grant,Laurene,Isis,Belia,Emily,Sasha,Kris,Marietta,Ginette,Annett,Joaquina,Nikole,Hiram,Sage,Mercedez,Frances,Aleen,Marta,Ginette,Kimberley,Ellen,Donetta,Ernesto,Sarah,Mercedez,Loura,Berna,Werner,Sage,Xavier,Marta,Lara,Cindy,Jada,Aleen
